original_job_field,broad_category
Advanced Practice,
Aerospace,
Agricultural,
Allied Health (Diagnostic),Healthcare & Life Sciences
Allied Health (Therapeutic),Healthcare & Life Sciences
Art Education,"Arts, Media, Education & Public Service"
Asset Management,"Consulting, Business & Operations"
Bank HR,"Banking, Finance & Audit"
Bank Leadership,"Banking, Finance & Audit"
Bank Marketing,"Banking, Finance & Audit"
Bank Operations,"Banking, Finance & Audit"
Bank Technology,"Banking, Finance & Audit"
Biomedical,Healthcare & Life Sciences
Chemical,
Civil,
Commercial Banking,"Banking, Finance & Audit"
Compliance,
Computer H/W,"Engineering, Manufacturing & Technology"
Consulting (Internal),"Consulting, Business & Operations"
Corporate Banking,"Banking, Finance & Audit"
Corporate Treasury,"Banking, Finance & Audit"
Craft & Artisanal,"Arts, Media, Education & Public Service"
Dental Care,Healthcare & Life Sciences
Design (Commercial),
Design (Digital),"Engineering, Manufacturing & Technology"
Electrical,
Emergency Services,
Energy,
Environmental,
Fashion & Apparel,
Financial Advisory,"Banking, Finance & Audit"
Fine Art,"Arts, Media, Education & Public Service"
Freelance / Independent,
HR (Bank Specific),"Banking, Finance & Audit"
HR Consulting,"Consulting, Business & Operations"
Health Information (HIM/IT),"Engineering, Manufacturing & Technology"
Healthcare Admin/Mgmt,Healthcare & Life Sciences
Industrial,"Engineering, Manufacturing & Technology"
Internal Audit,"Banking, Finance & Audit"
Investment Banking,"Banking, Finance & Audit"
Laboratory Services,
Literary Arts,"Arts, Media, Education & Public Service"
Management,"Consulting, Business & Operations"
Management Consulting,"Consulting, Business & Operations"
Manufacturing,"Engineering, Manufacturing & Technology"
Marine,
Marketing,
Materials,
Mechanical,"Engineering, Manufacturing & Technology"
Media & Production,"Arts, Media, Education & Public Service"
Mental & Behavioral Health,Healthcare & Life Sciences
Museum & Arts Admin,"Arts, Media, Education & Public Service"
Niche: Education,"Arts, Media, Education & Public Service"
Niche: Energy,
Niche: Healthcare,Healthcare & Life Sciences
Niche: Legal,
Niche: Marketing,
Niche: Non-Profit,"Engineering, Manufacturing & Technology"
Niche: Public Sector,
Niche: Real Estate,
Niche: Retail,
Niche: Security,"Engineering, Manufacturing & Technology"
Niche: Supply Chain,
Niche: Sustainability,"Engineering, Manufacturing & Technology"
Nuclear,
Nursing (Registered),Healthcare & Life Sciences
Nursing (Support),Healthcare & Life Sciences
Operations,"Consulting, Business & Operations"
Patient Support Services,
Performing Arts (Film),"Arts, Media, Education & Public Service"
Performing Arts (General),"Arts, Media, Education & Public Service"
Performing Arts (Music),"Arts, Media, Education & Public Service"
Performing Arts (Theatre),"Arts, Media, Education & Public Service"
Petroleum,
Pharmacy Services,Healthcare & Life Sciences
Physician Care,Healthcare & Life Sciences
Physician Care (Specialist),Healthcare & Life Sciences
Public Accounting,"Banking, Finance & Audit"
Public Health,Healthcare & Life Sciences
Retail Banking,"Banking, Finance & Audit"
Risk Consulting,"Consulting, Business & Operations"
Risk Management,"Consulting, Business & Operations"
Software,"Engineering, Manufacturing & Technology"
Specialized,
Specialized/Alternative,
Strategy Consulting,"Consulting, Business & Operations"
Surgical Services,
Systems Consulting,"Consulting, Business & Operations"
Technology Consulting,"Consulting, Business & Operations"
Veterinary Medicine,
Wealth Management,"Banking, Finance & Audit"
